Ç∂Ç·ÇÁÇÒ,ÉiÉìÉoÅ[
http://www.jalan.net/yad320091/,1
http://www.jalan.net/yad349072/,2
http://www.jalan.net/yad314976/,3
http://www.jalan.net/yad362445/,4
http://www.jalan.net/yad373185/,5
http://www.jalan.net/yad306289/,6
http://www.jalan.net/yad355232/,7
http://www.jalan.net/yad320050/,8
http://www.jalan.net/yad326570/,9
http://www.jalan.net/yad387847/,10
http://www.jalan.net/yad374934/,11
http://www.jalan.net/yad374036/,12
http://www.jalan.net/yad352536/,13
http://www.jalan.net/yad310743/,14
http://www.jalan.net/yad331594/,15
http://www.jalan.net/yad385417/,16
http://www.jalan.net/yad353906/,17
http://www.jalan.net/yad348656/,18
http://www.jalan.net/yad382089/,19
http://www.jalan.net/yad317550/,20
http://www.jalan.net/yad340591/,21
http://www.jalan.net/yad318459/,22
http://www.jalan.net/yad399225/,23
http://www.jalan.net/yad362056/,24
http://www.jalan.net/yad388756/,25
http://www.jalan.net/yad315491/,26
http://www.jalan.net/yad383016/,27
http://www.jalan.net/yad339774/,28
http://www.jalan.net/yad383511/,29
http://www.jalan.net/yad309289/,30
http://www.jalan.net/yad397771/,31
http://www.jalan.net/yad368732/,32
http://www.jalan.net/yad320515/,33
http://www.jalan.net/yad303022/,34
http://www.jalan.net/yad397359/,35
http://www.jalan.net/yad344404/,36
http://www.jalan.net/yad347511/,37
http://www.jalan.net/yad311389/,38
http://www.jalan.net/yad365226/,39
http://www.jalan.net/yad306413/,40
http://www.jalan.net/yad345253/,41
http://www.jalan.net/yad314666/,42
http://www.jalan.net/yad346482/,43
http://www.jalan.net/yad369572/,44
http://www.jalan.net/yad353282/,45
http://www.jalan.net/yad371869/,46
http://www.jalan.net/yad328099/,47
http://www.jalan.net/yad318146/,48
http://www.jalan.net/yad309278/,49
http://www.jalan.net/yad345421/,50
http://www.jalan.net/yad385012/,51
http://www.jalan.net/yad301052/,52
http://www.jalan.net/yad395500/,53
http://www.jalan.net/yad300650/,54
http://www.jalan.net/yad355056/,55
http://www.jalan.net/yad364520/,56
http://www.jalan.net/yad365101/,57
http://www.jalan.net/yad327985/,58
http://www.jalan.net/yad321680/,59
http://www.jalan.net/yad342500/,60
http://www.jalan.net/yad322422/,61
http://www.jalan.net/yad382179/,62
http://www.jalan.net/yad380764/,63
http://www.jalan.net/yad301206/,64
http://www.jalan.net/yad324264/,65
http://www.jalan.net/yad392244/,66
http://www.jalan.net/yad366975/,67
http://www.jalan.net/yad335822/,68
http://www.jalan.net/yad311312/,69
http://www.jalan.net/yad307945/,70
http://www.jalan.net/yad318466/,71
http://www.jalan.net/yad397300/,72
http://www.jalan.net/yad352932/,73
http://www.jalan.net/yad366064/,74
http://www.jalan.net/yad351678/,75
http://www.jalan.net/yad352020/,76
http://www.jalan.net/yad310725/,77
http://www.jalan.net/yad302732/,78
http://www.jalan.net/yad360992/,79
http://www.jalan.net/yad347904/,80
http://www.jalan.net/yad364790/,81
http://www.jalan.net/yad348810/,82
http://www.jalan.net/yad338136/,83
http://www.jalan.net/yad345778/,84
http://www.jalan.net/yad371653/,85
http://www.jalan.net/yad341298/,86
http://www.jalan.net/yad394225/,87
http://www.jalan.net/yad321938/,88
http://www.jalan.net/yad314789/,89
http://www.jalan.net/yad397977/,90
http://www.jalan.net/yad389650/,91
http://www.jalan.net/yad324287/,92
http://www.jalan.net/yad330533/,93
http://www.jalan.net/yad333848/,94
http://www.jalan.net/yad350295/,95
http://www.jalan.net/yad319590/,96
http://www.jalan.net/yad306651/,97
http://www.jalan.net/yad345096/,98
http://www.jalan.net/yad326987/,99
http://www.jalan.net/yad304700/,100
http://www.jalan.net/yad363416/,101
http://www.jalan.net/yad343356/,102
http://www.jalan.net/yad359715/,103
http://www.jalan.net/yad308744/,104
http://www.jalan.net/yad364502/,105
http://www.jalan.net/yad378968/,106
http://www.jalan.net/yad374232/,107
http://www.jalan.net/yad332964/,108
http://www.jalan.net/yad335064/,109
http://www.jalan.net/yad347088/,110
http://www.jalan.net/yad340320/,111
http://www.jalan.net/yad384270/,112
http://www.jalan.net/yad390142/,113
http://www.jalan.net/yad353688/,114
http://www.jalan.net/yad386296/,115
http://www.jalan.net/yad352977/,116
http://www.jalan.net/yad369635/,117
http://www.jalan.net/yad306784/,118
http://www.jalan.net/yad325384/,119
http://www.jalan.net/yad335682/,120
http://www.jalan.net/yad327965/,121
http://www.jalan.net/yad304662/,122
http://www.jalan.net/yad311335/,123
http://www.jalan.net/yad361960/,124
http://www.jalan.net/yad376384/,125
http://www.jalan.net/yad319919/,126
http://www.jalan.net/yad321964/,127
http://www.jalan.net/yad385551/,128
http://www.jalan.net/yad336811/,129
http://www.jalan.net/yad302417/,130
http://www.jalan.net/yad309220/,131
http://www.jalan.net/yad311346/,132
http://www.jalan.net/yad387368/,133
http://www.jalan.net/yad313196/,134
http://www.jalan.net/yad383513/,135
http://www.jalan.net/yad315950/,136
http://www.jalan.net/yad327902/,137
http://www.jalan.net/yad361387/,138
http://www.jalan.net/yad352350/,139
http://www.jalan.net/yad330482/,140
http://www.jalan.net/yad318737/,141
http://www.jalan.net/yad306726/,142
http://www.jalan.net/yad339204/,143
http://www.jalan.net/yad353217/,144
http://www.jalan.net/yad389790/,145
http://www.jalan.net/yad344085/,146
http://www.jalan.net/yad394923/,147
http://www.jalan.net/yad398845/,148
http://www.jalan.net/yad359778/,149
http://www.jalan.net/yad348492/,150
http://www.jalan.net/yad308605/,151
http://www.jalan.net/yad302420/,152
http://www.jalan.net/yad306815/,153
http://www.jalan.net/yad317806/,154
http://www.jalan.net/yad321713/,155
http://www.jalan.net/yad333229/,156
http://www.jalan.net/yad344373/,157
http://www.jalan.net/yad347245/,158
http://www.jalan.net/yad349485/,159
http://www.jalan.net/yad351966/,160
http://www.jalan.net/yad358696/,161
http://www.jalan.net/yad369268/,162
http://www.jalan.net/yad372126/,163
http://www.jalan.net/yad376326/,164
http://www.jalan.net/yad384948/,165
http://www.jalan.net/yad387472/,166
http://www.jalan.net/yad379316/,167
http://www.jalan.net/yad369722/,168
http://www.jalan.net/yad332598/,169
http://www.jalan.net/yad378293/,170
http://www.jalan.net/yad381358/,171
http://www.jalan.net/yad304884/,172
http://www.jalan.net/yad302854/,173
http://www.jalan.net/yad361768/,174
http://www.jalan.net/yad329265/,175
http://www.jalan.net/yad376750/,176
http://www.jalan.net/yad382405/,177
http://www.jalan.net/yad329496/,178
http://www.jalan.net/yad326581/,179
http://www.jalan.net/yad315048/,180
http://www.jalan.net/yad339366/,181
http://www.jalan.net/yad369000/,182
http://www.jalan.net/yad352766/,183
http://www.jalan.net/yad346088/,184
http://www.jalan.net/yad307179/,185
http://www.jalan.net/yad332168/,186
http://www.jalan.net/yad305002/,187
